<?xml version="1.0" encoding="UTF-8"?>
<!DOCTYPE configuration
  PUBLIC "-//mybatis.org//DTD Config 3.0//EN"
  "http://mybatis.org/dtd/mybatis-3-config.dtd">
<configuration>
	<typeAliases>
		<typeAlias alias="Student" type="kr.co.jhta.vo.stu.Student"/>
		<typeAlias alias="StuReport" type="kr.co.jhta.vo.PreportContent"/>
		<typeAlias alias="subject" type="kr.co.jhta.vo.Subject"/>
		<typeAlias alias="semester" type="kr.co.jhta.vo.Semester"/>
		<typeAlias alias="division" type="kr.co.jhta.vo.SubjectDivision"/>
		<typeAlias alias="attendance" type="kr.co.jhta.vo.Attendance"/>
		<typeAlias alias="report" type="kr.co.jhta.vo.Report"/>
		<typeAlias alias="sitemap" type="kr.co.jhta.vo.SiteMap"/>
		<typeAlias alias="Enroll" type="kr.co.jhta.vo.stu.Enroll"/>
		<typeAlias alias="Regisubject" type="kr.co.jhta.vo.stu.Regisubject"/>
		<typeAlias alias="Professor" type="kr.co.jhta.vo.Professor"/>
		<typeAlias alias="Syllabus" type="kr.co.jhta.vo.Syllabus"/>
		<typeAlias alias="Board" type="kr.co.jhta.vo.Board"/>
		<typeAlias alias="SearchForm" type="kr.co.jhta.vo.SearchForm"/>
		<typeAlias alias="SubjectIsPassed" type="kr.co.jhta.vo.SubjectIsPassed"/>
		<typeAlias alias="ScheduleEvent" type="kr.co.jhta.vo.ScheduleEvent"/>
		<typeAlias alias="BoardView" type="kr.co.jhta.vo.BoardView"/>
		<typeAlias alias="professorsubjectlist" type="kr.co.jhta.vo.ProfessorSubject"/>
		<typeAlias alias="Leave" type="kr.co.jhta.vo.appli.Leave"/>
		<typeAlias alias="jejuk" type="kr.co.jhta.vo.hakjuk.StudentJejuk"/>
		<typeAlias alias="Disenroll" type="kr.co.jhta.vo.appli.Disenrollment"/>
		<typeAlias alias="Rein" type="kr.co.jhta.vo.appli.Reinstatement"/>
		<typeAlias alias="ChangeMajor" type="kr.co.jhta.vo.appli.ChangeMajor"/>
		<typeAlias alias="professoropenlecture" type="kr.co.jhta.vo.ProfessorOpenLecture"/>
		<typeAlias alias="evaluationSheet" type="kr.co.jhta.vo.LectureEvaluationSheet"/>
		<typeAlias alias="TimeChart" type="kr.co.jhta.vo.TimeChart"/>
		<typeAlias alias="Review" type="kr.co.jhta.vo.Review"/>
		<typeAlias alias="supplementLectureVo" type="kr.co.jhta.vo.SupplementLectureVo"/>
		<typeAlias alias="SupplementLectureTableVo" type="kr.co.jhta.vo.SupplementLectureTableVo"/>
		<typeAlias alias="Preport" type="kr.co.jhta.vo.Preport"/>
		<typeAlias alias="LectureRatingScore" type="kr.co.jhta.vo.LectureRatingScore"/>
		<typeAlias alias="Disenroll" type="kr.co.jhta.vo.appli.Disenrollment"/>
		<typeAlias alias="MakeupLessonAll" type="kr.co.jhta.vo.MakeupLessonAll"/>
	</typeAliases>
	
	<mappers>
		<mapper resource="META-INF/mybatis/mappers/lecture/lecture.xml"/>		
		<mapper resource="META-INF/mybatis/mappers/lecture/openlecture.xml"/>	
		<mapper resource="META-INF/mybatis/mappers/major/ispassed.xml"/>
		<mapper resource="META-INF/mybatis/mappers/major/subject.xml"/>			<!-- subject -->
		<mapper resource="META-INF/mybatis/mappers/major/semester.xml"/>		<!-- semester -->
		<mapper resource="META-INF/mybatis/mappers/major/division.xml"/>		<!-- division -->
		<mapper resource="META-INF/mybatis/mappers/board/board.xml"/>
		<mapper resource="META-INF/mybatis/mappers/score/attendance.xml"/>
		<mapper resource="META-INF/mybatis/mappers/score/score.xml"/>
		<mapper resource="META-INF/mybatis/mappers/score/report.xml"/>
		<mapper resource="META-INF/mybatis/mappers/enroll/enroll.xml"/>
		<mapper resource="META-INF/mybatis/mappers/enroll/regisubject.xml"/>
		<mapper resource="META-INF/mybatis/mappers/user/student.xml"/>			<!-- student -->
		<mapper resource="META-INF/mybatis/mappers/user/professor.xml"/>
		<mapper resource="META-INF/mybatis/mappers/user/syllabus.xml"/>
		<mapper resource="META-INF/mybatis/mappers/hakjuk/hakjuk.xml"/>
		<mapper resource="META-INF/mybatis/mappers/hakjuk/jejuk.xml"/>
		<mapper resource="META-INF/mybatis/mappers/sitemap.xml"/>
		<mapper resource="META-INF/mybatis/mappers/schedule/scheduleEvent.xml"/>
		<mapper resource="META-INF/mybatis/mappers/application/changemajor.xml"/>
		<mapper resource="META-INF/mybatis/mappers/application/disenroll.xml"/>
		<mapper resource="META-INF/mybatis/mappers/application/leave.xml"/>
		<mapper resource="META-INF/mybatis/mappers/application/reinstate.xml"/>
		<mapper resource="META-INF/mybatis/mappers/message/message.xml"/>
		<mapper resource="META-INF/mybatis/mappers/report/stuReport.xml"/>
		<mapper resource="META-INF/mybatis/mappers/timechart/timechart.xml"/>
		<mapper resource="META-INF/mybatis/mappers/board/review.xml"/>
		<mapper resource="META-INF/mybatis/mappers/lecture/SupplementAryLecture.xml"/>
		<mapper resource="META-INF/mybatis/mappers/report/report.xml"/>
		<mapper resource="META-INF/mybatis/mappers/application/disenroll.xml"/>
		<mapper resource="META-INF/mybatis/mappers/application/dropoff.xml"/>
		<mapper resource="META-INF/mybatis/mappers/lecture/makeuplesson.xml"/>
		<!-- <mapper resource="META-INF/mybatis/mappers/messege.xml"/> -->
	</mappers>
</configuration>
