<?xml version="1.0" encoding="UTF-8"?>
<beans xmlns="http://www.springframework.org/schema/beans"
	xmlns:xsi="http://www.w3.org/2001/XMLSchema-instance"
	xmlns:mvc="http://www.springframework.org/schema/mvc"
	xmlns:context="http://www.springframework.org/schema/context"
	xsi:schemaLocation="http://www.springframework.org/schema/mvc http://www.springframework.org/schema/mvc/spring-mvc-3.2.xsd
		http://www.springframework.org/schema/beans http://www.springframework.org/schema/beans/spring-beans.xsd
		http://www.springframework.org/schema/context http://www.springframework.org/schema/context/spring-context-3.2.xsd">

	<mvc:annotation-driven>
		<mvc:argument-resolvers>
			<bean class="kr.co.jhta.controller.argumentResolver.LoginStudArgumentResolver"></bean>
			<bean class="kr.co.jhta.controller.argumentResolver.LoginProfArgumentResolver"></bean>
		</mvc:argument-resolvers>
	</mvc:annotation-driven>
	
	<mvc:interceptors>
		<mvc:interceptor>
			<mvc:mapping path="/admin/**"/>
			<mvc:mapping path="/stud/**"/>
			<mvc:mapping path="/prof/**"/>
			<bean class="kr.co.jhta.controller.interceptor.LoginCheckInterceptor" />			
		</mvc:interceptor>
		<mvc:interceptor>
			<mvc:mapping path="/admin/**"/>
			<mvc:mapping path="/stud/**"/>
			<mvc:mapping path="/prof/**"/>
			<bean class="kr.co.jhta.controller.interceptor.RoleCheckInterceptor"></bean>
		</mvc:interceptor>
	</mvc:interceptors>
	
	<mvc:resources mapping="/resources/**" location="/resources/" />
	
	<context:component-scan base-package="kr.co.jhta.controller"/>


	<bean id="viewResolver" class="org.springframework.web.servlet.view.InternalResourceViewResolver">
		<property name="prefix" value="/WEB-INF/views/" />
		<property name="suffix" value=".jsp" />
	</bean>
	
	<bean id="multipartResolver" class="org.springframework.web.multipart.commons.CommonsMultipartResolver">
		<property name="maxUploadSize" value="10485760" />
	</bean>
	
	<bean id="jsonview" class="org.springframework.web.servlet.view.json.MappingJackson2JsonView"></bean>
	<bean id="pdfView.do"  class="kr.co.jhta.view.PDFBuilder"></bean>
	
</beans>
