<?xml version="1.0" encoding="UTF-8"?>
<!DOCTYPE mapper
  PUBLIC "-//mybatis.org//DTD Mapper 3.0//EN"
  "http://mybatis.org/dtd/mybatis-3-mapper.dtd">
<mapper namespace="kr.co.jhta.dao.user.ScheduleEventDao">

	<update id="editeSchduleByNo" parameterType="ScheduleEvent">
		UPDATE V_EVENT 
		SET V_TITLE = #{title}, 
		V_LOCATION = #{location}, 
		V_START = #{start}, 
		V_END = #{end}
		where V_NO = #{no}
		AND U_STU_NO = #{student.no}
	</update>

	<insert id="addNewSchEvent" parameterType="ScheduleEvent" >
		INSERT INTO V_EVENT (V_NO, 
							V_TITLE, 
							V_START, 
							V_END, 
							V_LOCATION, 
							U_STU_NO) 
		VALUES(V_EVENT_SEQ.nextval, 
					#{title, jdbcType=VARCHAR}, 
					#{start}, 
					#{end}, 
					#{location}, 
					#{student.no})	
	</insert>
	
	<select id="getSchEventByStuNo" parameterType="int" resultType="ScheduleEvent">	
		select V_EVENT.V_NO as no, 
			   V_EVENT.V_TITLE as title, 
			   V_EVENT.V_LOCATION as location, 
			   V_EVENT.V_START as "start",  
			   V_EVENT.V_END as "end", 
			   V_EVENT.V_COMPLETED as completed 
		FROM V_EVENT
		where V_EVENT.U_STU_NO = #{no}
	</select>
	
	<select id="getSchEventBySchNo" parameterType="int" resultType="ScheduleEvent">	
		select V_EVENT.V_NO as no,
			   V_EVENT.V_TITLE as title, 
			   V_EVENT.V_LOCATION as location, 
			   V_EVENT.V_START as "start",  
			   V_EVENT.V_END as "end", 
			   V_EVENT.V_COMPLETED as completed 
		FROM V_EVENT
		where V_EVENT.V_NO = #{no}
	</select>
	
	<delete id="deleteSchEvent" parameterType="hashmap">
		DELETE FROM V_EVENT 
		WHERE U_STU_NO = #{studNo}
		AND V_NO = #{schNo}
	</delete>
	
	<select id="getSchEventByDate" parameterType="map" resultType="ScheduleEvent">
		SELECT V_EVENT.V_NO as no,
			   V_EVENT.V_TITLE as title,
			   V_EVENT.V_LOCATION as location,
			   V_EVENT.V_START as "start",
			   V_EVENT.V_END as "end",
			   V_EVENT.V_COMPLETED as completed
		FROM V_EVENT
		WHERE V_EVENT.U_STU_NO = #{studNo}
		AND V_EVENT.V_START &gt;= #{start}
		AND V_EVENT.V_START &lt;= #{end}
	</select>

	<update id="updateCompletedTrue" parameterType="ScheduleEvent">
		UPDATE V_EVENT
		SET V_COMPLETED = "false"
		WHERE U_STU_NO = #{student.no} 
		AND V_NO = #{no}
	</update>
	
	<update id="updateCompletedFalse" parameterType="ScheduleEvent">
		UPDATE V_EVENT
		SET V_COMPLETED = "true"
		WHERE U_STU_NO = #{student.no} 
		AND V_NO = #{no}
	</update>
	
	<select id="getSequence" resultType="int">
		SELECT LAST_NUMBER
  		FROM USER_SEQUENCES
		WHERE SEQUENCE_NAME = 'V_EVENT_SEQ'
	</select>
	
</mapper>