<?xml version="1.0" encoding="UTF-8"?>
<!DOCTYPE mapper
  PUBLIC "-//mybatis.org//DTD Mapper 3.0//EN"
  "http://mybatis.org/dtd/mybatis-3-mapper.dtd">
<mapper namespace="kr.co.jhta.dao.user.EnrollDao">

	<select id="getAllEnroll" resultType="Enroll">
		select e.E_NO as no, 
			   e.E_ENROLLTIME as enrollTime, 
			   e.E_ENROLLDAY as enrollDay,
			   e.E_ENROLLNUM as enrollNum,
			   	s.J_NO as "subject.no",
			   	s.J_T_CODE as "subject.siteCode.code",
			    s.J_IS_PASSED as "subject.passed.passedName", 
			    s.J_GRADE as "subject.grade", 
			    s.J_SUBJECT_NAME as "subject.subjectName", 
			    s.J_SCORE as "subject.score",
				s.J_SUB_PROF as "subject.professor.name",
				s.J_LIMIT_STU as "subject.limitStu",
				  t.T_NO as "subject.siteCode.no",
				  t.T_CODE as "subject.siteCode.code",
				  t.T_NAME as "subject.siteCode.name",
				  t.T_PRECODE as "subject.siteCode.preCode"
		from E_ENROLLMENT e, 
			 J_SUBJECT s,
			 T_SITEMAP t
		where e.E_J_SUBJECT_NO = s.J_NO
		and t.T_CODE = s.J_T_CODE
	</select>
	
	<select id="getAllEnrollByTcode" parameterType="string" resultType="Enroll">
		select e.E_NO as no, 
			   e.E_ENROLLTIME as enrollTime, 
			   e.E_ENROLLDAY as enrollDay,
			   e.E_ENROLLNUM as enrollNum,
			   	s.J_NO as "subject.no",
			   	s.J_T_CODE as "subject.siteCode.code",
			    s.J_IS_PASSED as "subject.passed.passedName", 
			    s.J_GRADE as "subject.grade", 
			    s.J_SUBJECT_NAME as "subject.subjectName", 
			    s.J_SCORE as "subject.score",
				s.J_SUB_PROF as "subject.professor.name",
				s.J_LIMIT_STU as "subject.limitStu",
				  t.T_NO as "subject.siteCode.no",
				  t.T_CODE as "subject.siteCode.code",
				  t.T_NAME as "subject.siteCode.name",
				  t.T_PRECODE as "subject.siteCode.preCode"
		from E_ENROLLMENT e, 
			 J_SUBJECT s,
			 T_SITEMAP t
		where e.E_J_SUBJECT_NO = s.J_NO
		and t.T_CODE = s.J_T_CODE
		and s.J_T_CODE = #{value}
	</select>
	
	<select id="getEnrollByENo" parameterType="int" resultType="Enroll">
		select e.E_NO as no, 
			   e.E_ENROLLTIME as enrollTime, 
			   e.E_ENROLLDAY as enrollDay,
			   e.E_ENROLLNUM as enrollNum,
			   	s.J_NO as "subject.no",
			   	s.J_subject_name as "subject.subjectName",
			   	s.J_T_CODE as "subject.siteCode.code",
			    s.J_IS_PASSED as "subject.passed.passedName", 
			    s.J_GRADE as "subject.grade", 
			    s.J_SUBJECT_NAME as "subject.subjectName", 
			    s.J_SCORE as "subject.score",
				s.J_SUB_PROF as "subject.professor.name",
				s.J_LIMIT_STU as "subject.limitStu",
				  t.T_NO as "subject.siteCode.no",
				  t.T_CODE as "subject.siteCode.code",
				  t.T_NAME as "subject.siteCode.name",
				  t.T_PRECODE as "subject.siteCode.preCode"
		from E_ENROLLMENT e, 
			 J_SUBJECT s,
			 T_SITEMAP t
		where e.E_J_SUBJECT_NO = s.J_NO
		and t.T_CODE = s.J_T_CODE
		and e.E_NO = #{Eno}
	</select>
	<select id="getProfEnroll" parameterType="string" resultType="Enroll">
		SELECT
			B.e_no as no,
			A.j_subject_name as "subject.subjectName",
			B.e_enrollday as enrollDay,
			B.e_enrolltime as enrollTime,
			A.j_no as "subject.no"
		FROM
			J_SUBJECT A, E_ENROLLMENT B
		WHERE
			A.J_NO = B.E_J_SUBJECT_NO			
		AND
			A.J_SUB_PROF=#{value}
	</select>
	
	<insert id="addEnroll" parameterType="Enroll">
		insert into E_Enrollment
			(E_NO,
			E_ENROLLDAY,
			E_J_SUBJECT_NO,
			E_ENROLLTIME,
			E_ENROLLNUM)
		values
			(addenroll_comm.nextval,
			#{enrollDay},
			#{subject.no},
			#{enrollTime},
			0)
	</insert>
	<update id="updateEnroll" parameterType="Enroll">
		update E_Enrollment
			set
				E_J_SUBJECT_NO = #{subject.no, jdbcType=INTEGER},
				E_ENROLLDAY = #{enrollDay},
				E_ENROLLTIME = #{enrollTime}
			where
				E_NO = #{no}
	</update>
	
	<insert id="addRegisub" parameterType="Enroll">
		INSERT INTO R_REGISUBJECT (
				R_REGI_NO, <!-- 1 -->
				 J_NO, 		<!-- 4 -->
				 U_STU_NO, 	<!-- 5 -->
				 E_NO)		<!-- 6 -->
		VALUES(	
				R_REGISUBJECT_SEQ.nextval, 
				#{subject.no},
				#{student.no, jdbcType=INTEGER},
				#{no}
			)	
	</insert>
	
	<update id="updatePlusNowNum" parameterType="int">
		update E_ENROLLMENT 
		SET E_ENROLLNUM = E_ENROLLNUM + 1
		where E_NO = #{enrollNo}
	</update>
	
	<update id="updateMinusNowNum" parameterType="int">
		update E_ENROLLMENT 
		SET E_ENROLLNUM = E_ENROLLNUM - 1
		where E_NO = #{enrollNo}		
	</update>
	
	<select id="getEnrollCheckNum" parameterType="int" resultType="Enroll">
		select e.E_ENROLLNUM as enrollNum,
	   		   j.J_LIMIT_STU as limitStu
 		from E_ENROLLMENT e, J_subject j
 		where e.E_j_subject_no = j.J_NO
 		and E_NO = #{enrollNo}
	</select>	
	
	<!-- <select id="getEnrollById" paraterType="string" resultType="Enroll">
		select
			e_no,
			e_enrollday,
			e_j_subject_no
			
		from
		
		where
			
	</select> -->
	<delete id="deleteEnroll" parameterType="int">
  		delete 
  			from e_enrollment
  		where
  			 e_no = #{value}
	</delete>
	<select id="enrollAllList" parameterType="int" resultType="Enroll">
		SELECT
			E.E_ENROLLDAY as enrollDay,
			E.E_ENROLLTIME as enrollTime,
			J.J_NO as "subject.no"
		FROM
			E_ENROLLMENT E, U_PROFESSOR U, J_SUBJECT J
		where
			E.E_J_SUBJECT_NO = J.J_NO
		and
			U.U_PROF_ID = J.J_SUB_PROF
		AND
			U.U_PROF_NO = #{value}
	</select>
</mapper>