<?xml version="1.0" encoding="UTF-8"?>
<!DOCTYPE mapper
  PUBLIC "-//mybatis.org//DTD Mapper 3.0//EN"
  "http://mybatis.org/dtd/mybatis-3-mapper.dtd">
<mapper namespace="kr.co.jhta.dao.hakjuk.HakjukDAO">
	<select id="getSiteMapByName" parameterType="string" resultType="kr.co.jhta.vo.SiteMap">
		SELECT 
			T_NO as no, 
			T_NAME as name,
			T_CODE as code,
			T_PRECODE as preCode
		FROM T_SITEMAP
		where t_name = #{name}
	</select>
	<update id="updateStudent" parameterType="kr.co.jhta.vo.stu.AddStudentForm">
		update
			u_student
		set
			U_STU_NAME = #{name},
			U_STU_SSN = #{ssn},
			U_STU_DIVISION = #{division},
			U_STU_GRADE = #{grade},
			U_STU_PROFESSOR = #{professor},
			U_STU_PHONE = #{phone},
			U_STU_EMAIL = #{email},
			U_STU_ADDR1= #{addr1},
			U_STU_ADDR2= #{addr2},
			U_STU_PARENTNAME = #{parentName},
			U_STU_PARENTPHONE = #{parentPhone}
		where
			u_stu_id = #{id}
	</update>
	
	<update id="updateProfessor" parameterType="kr.co.jhta.vo.hakjuk.AddProfForm">
		update
			u_professor
		set
			U_PROF_NAME = #{name},
			U_PROF_SSN = #{ssn},
			U_PROF_DIVISION = #{division},
			U_PROF_CODE = #{code},
			U_PROF_GRADE = #{grade},
			U_PROF_PHONE = #{phone},
			U_PROF_EMAIL = #{email},
			U_PROF_ADDR = #{addr}
		where
			U_PROF_ID = #{id}
	</update>

	<insert id="addAdmissions" parameterType="kr.co.jhta.vo.stu.Student">
		insert into A_ADMISSIONS(A_NO ,A_REGISTER, A_APPLY_DATE, A_ID)
		values(a_admission_seq.nextval,#{register},SYSDATE, #{no})
	</insert>


	<select id="getStudentListBySearchStud" parameterType="kr.co.jhta.vo.hakjuk.StudentSearchForm" resultType="Student">
		select
			U_STU_NO as no, 
				U_STU_ADDR1 as addr1, 
				U_STU_ADDR2 as addr2,
				U_STU_DIVISION,
				t_name as division, 
				U_STU_EMAIL as email, 
				U_STU_ENTERDATE as enterDate, 
				U_STU_GENDER as gender, 
				U_STU_GRADE as grade,
				U_STU_ID as id, 
				U_STU_LEAVEDATE as leaveDate,
				U_STU_NAME as name, 
				U_STU_NO as no, 
				U_STU_PARENTNAME as parentName, 
				U_STU_PARENTPHONE as parentPhone, 
				U_STU_PHONE as phone, 
				U_STU_PROFESSOR as professor, 
				U_STU_PWD as pwd, 
				c_name as register, 
				U_STU_SCORE as score, 
				U_STU_SSN as ssn
		from U_STUDENT a, t_sitemap b,C_CODEREGISTER C
		where a.u_stu_division = b.t_code
		and a.u_stu_register = c.c_code
		<if test="register != 'all'">
			and C.c_code LIKE '%' || #{register} || '%'
		</if>
		<if test="q != '' ">
			and  ${sort} LIKE '%' || #{q} || '%'
		</if>
		<if test="grade != 0">
			and U_STU_GRADE = #{grade}
		</if>
		<if test="division != '' ">
			and U_STU_DIVISION = #{division}
		</if>
	</select>
	
	<select id="getAllStudent" resultType="Student">
		select U_STU_NO as no, 
				U_STU_ADDR1 as addr1, 
				U_STU_ADDR2 as addr2,
				U_STU_DIVISION,
				t_name as division, 
				U_STU_EMAIL as email, 
				U_STU_ENTERDATE as enterDate, 
				U_STU_GENDER as gender, 
				U_STU_GRADE as grade,
				U_STU_ID as id, 
				U_STU_LEAVEDATE as leaveDate, 
				U_STU_NAME as name, 
				U_STU_NO as no, 
				U_STU_PARENTNAME as parentName, 
				U_STU_PARENTPHONE as parentPhone, 
				U_STU_PHONE as phone, 
				U_STU_PROFESSOR as professor, 
				U_STU_PWD as pwd, 
				c_name as register, 
				U_STU_SCORE as score, 
				U_STU_SSN as ssn,
				U_STU_REMAINLEAVE as remainLeave
		from U_STUDENT a, t_sitemap b, C_CODEREGISTER C 
		where a.u_stu_division = b.t_code
		and a.u_stu_register = c.c_code
	</select>
	
	<select id="getStudentById" resultType="Student" parameterType="string">
		select U_STU_NO as no, 
				U_STU_ADDR1 as addr1, 
				U_STU_ADDR2 as addr2,
				U_STU_DIVISION,
				t_name as division, 
				U_STU_EMAIL as email, 
				U_STU_ENTERDATE as enterDate, 
				U_STU_GENDER as gender, 
				U_STU_GRADE as grade,
				U_STU_ID as id, 
				U_STU_LEAVEDATE as leaveDate, 
				U_STU_NAME as name, 
				U_STU_NO as no, 
				U_STU_PARENTNAME as parentName, 
				U_STU_PARENTPHONE as parentPhone, 
				U_STU_PHONE as phone, 
				U_prof_name as professor, 
				U_STU_PWD as pwd, 
				C_NAME as register, 
				U_STU_SCORE as score, 
				U_STU_SSN as ssn,
				U_STU_REMAINLEAVE as remainLeave
		from U_STUDENT a, t_sitemap b, C_CODEREGISTER C,u_professor d
		where a.u_stu_division = b.t_code
		and a.u_stu_register = c.c_code
		and u_stu_professor = u_prof_id
		and u_stu_id = #{id}
	</select>
	<select id="getStudentByIdsecond" resultType="Student" parameterType="string">
		select U_STU_NO as no, 
				U_STU_ADDR1 as addr1, 
				U_STU_ADDR2 as addr2,
				U_STU_DIVISION,
				t_name as division, 
				U_STU_EMAIL as email, 
				U_STU_ENTERDATE as enterDate, 
				U_STU_GENDER as gender, 
				U_STU_GRADE as grade,
				U_STU_ID as id, 
				U_STU_LEAVEDATE as leaveDate, 
				U_STU_NAME as name, 
				U_STU_NO as no, 
				U_STU_PARENTNAME as parentName, 
				U_STU_PARENTPHONE as parentPhone, 
				U_STU_PHONE as phone, 
				U_prof_id as professor, 
				U_STU_PWD as pwd, 
				C_NAME as register, 
				U_STU_SCORE as score, 
				U_STU_SSN as ssn,
				U_STU_REMAINLEAVE as remainLeave
		from U_STUDENT a, t_sitemap b, C_CODEREGISTER C,u_professor d
		where a.u_stu_division = b.t_code
		and a.u_stu_register = c.c_code
		and u_stu_professor = u_prof_id
		and u_stu_id = #{id}
	</select>
	
	<select id="getAllAdmissionStud" resultType="Student">
		select U_STU_NO as no, 
				U_STU_ADDR1 as addr1, 
				U_STU_ADDR2 as addr2,
				U_STU_DIVISION,
				t_name as division, 
				U_STU_EMAIL as email, 
				U_STU_ENTERDATE as enterDate, 
				U_STU_GENDER as gender, 
				U_STU_GRADE as grade,
				U_STU_ID as id, 
				U_STU_LEAVEDATE as leaveDate, 
				U_STU_NAME as name, 
				U_STU_NO as no, 
				U_STU_PARENTNAME as parentName, 
				U_STU_PARENTPHONE as parentPhone, 
				U_STU_PHONE as phone, 
				U_STU_PROFESSOR as professor, 
				U_STU_PWD as pwd, 
				a_register as register, 
				U_STU_SCORE as score, 
				U_STU_SSN as ssn,
				U_STU_REMAINLEAVE as remainLeave
				
		from U_STUDENT a, t_sitemap b, C_CODEREGISTER C,A_ADMISSIONS d
		where a.u_stu_division = b.t_code
		and a.u_stu_register = c.c_code
		and d.a_id = a.U_stu_no
	</select>
	
	<select id="getAllProfessor" resultType="Professor">
		select 
			u_prof_no as no,
			u_prof_id as id,
			u_prof_name as name,
			u_prof_gender as gender,
			u_prof_code as code,
			T_NAME as division,
			u_prof_pwd as pwd,
			C_NAME as register,
			u_prof_phone as phone,
			u_prof_addr as addr,
			u_prof_email as email,
			u_prof_grade as grade,
			u_prof_ssn as ssn,
			u_prof_forei as forei,
			u_prof_entrydate as entrydate,
			u_prof_leavedate as leavedate
		from
			u_professor A, C_CODEREGISTER B, T_SITEMAP C
		where 
			A.U_PROF_REGISTER = B.C_CODE
		AND	
			A.U_PROF_DIVISION = C.T_CODE			
		AND	
			U_PROF_REGISTER = 'PF1000'
	</select>
	<select id="getProfessorById" resultType="Professor" parameterType="string">
		select 
			u_prof_no as no,
			u_prof_id as id,
			u_prof_name as name,
			u_prof_gender as gender,
			u_prof_code as code,
			T_NAME as division,
			u_prof_pwd as pwd,
			C_NAME as register,
			u_prof_phone as phone,
			u_prof_addr as addr,
			u_prof_email as email,
			u_prof_grade as grade,
			u_prof_ssn as ssn,
			u_prof_forei as forei,
			u_prof_entrydate as entrydate,
			u_prof_leavedate as leavedate
		from
			u_professor A, C_CODEREGISTER B, T_SITEMAP C
		where 
			A.U_PROF_REGISTER = B.C_CODE
		AND	
			A.U_PROF_DIVISION = C.T_CODE			
		AND	
			U_PROF_REGISTER = 'PF1000'
		AND 
			U_PROF_ID = #{id}
	</select>
	
	<select id="getProfessorListBySearchProf" parameterType="kr.co.jhta.vo.hakjuk.ProfessorSearchForm" resultType="Professor">
		select 
			u_prof_no as no,
			u_prof_id as id,
			u_prof_name as name,
			u_prof_gender as gender,
			u_prof_code as code,
			T_NAME as division,
			u_prof_pwd as pwd,
			C_NAME as register,
			u_prof_phone as phone,
			u_prof_addr as addr,
			u_prof_email as email,
			u_prof_grade as grade,
			u_prof_ssn as ssn,
			u_prof_forei as forei,
			u_prof_entrydate as entrydate,
			u_prof_leavedate as leavedate
		from
			u_professor A, C_CODEREGISTER B, T_SITEMAP C
		where 
			A.U_PROF_REGISTER = B.C_CODE
		AND	
			A.U_PROF_DIVISION = C.T_CODE			
		<if test="register != 'all'">
			and	U_PROF_REGISTER = #{register} 
		</if>
		<if test="q != '' ">
			and  ${sort} LIKE '%' || #{q} || '%'
		</if>
		<if test="grade != 'all'">
			and u_prof_grade = #{grade}
		</if>
		<if test="division != 'all' ">
			and U_prof_DIVISION = #{division}
		</if>
	</select>
	
	<select id="getadmissionStudentByForm" parameterType="kr.co.jhta.vo.hakjuk.SearchForm" resultType="Student">
		select
			U_STU_NO as no, 
				U_STU_ADDR1 as addr1, 
				U_STU_ADDR2 as addr2,
				t_name as division, 
				U_STU_EMAIL as email, 
				U_STU_ENTERDATE as enterDate, 
				U_STU_GENDER as gender, 
				U_STU_GRADE as grade,
				U_STU_ID as id, 
				U_STU_LEAVEDATE as leaveDate,
				U_STU_NAME as name, 
				U_STU_NO as no, 
				U_STU_PARENTNAME as parentName, 
				U_STU_PARENTPHONE as parentPhone, 
				U_STU_PHONE as phone, 
				U_STU_PROFESSOR as professor, 
				U_STU_PWD as pwd, 
				d.a_register as register, 
				U_STU_SCORE as score, 
				U_STU_SSN as ssn
		from U_STUDENT a, t_sitemap b,C_CODEREGISTER C,A_ADMISSIONS d
		where a.u_stu_division = b.t_code
		and a.u_stu_register = c.c_code
		and d.a_id = a.U_stu_no
		<if test="register != 'all'">
			and a_register = #{register}
		</if>
		<if test="q != '' ">
			and  ${sort} LIKE '%' || #{q} || '%'
		</if>
		<if test="grade != 00">
			and SUBSTR(u_stu_id, 1, 2) = #{grade}
		</if>
		<if test="division != '' ">
			and U_STU_DIVISION = #{division}
		</if>
	</select>
	
	<select id="getAllLeaveByFalse" resultType="kr.co.jhta.vo.hakjuk.Leave">
		SELECT 
			L_NO as no, 
			b.u_STU_NAME as "student.name",
			b.u_STU_id as "student.id",
			c.t_name as "student.division", 
			d.c_name as code, 
			L_ENROLLDATE as enrollDate, 
			L_PASS as pass, 
			L_OKAYDATE as okDate, 
			L_REINDATE as reinDate, 
			L_SCOREPASS as scorePass 
		FROM 
			L_LEAVE a, u_student b, t_sitemap c, c_coderegister d
		WHERE
			a.STU_NO = b.u_stu_no
		and	
			b.u_stu_division = c.t_code
		and	
			a.c_code = d.c_code
		and
			L_PASS = 'false'
	</select>
	<select id="getAllLeaveFalseByForm" resultType="kr.co.jhta.vo.hakjuk.Leave" parameterType="kr.co.jhta.vo.hakjuk.LeaveSearchForm">
		SELECT 
			L_NO as no, 
			b.u_STU_NAME as "student.name",
			b.u_STU_id as "student.id",
			c.t_name as "student.division", 
			d.c_name as code, 
			L_ENROLLDATE as enrollDate, 
			L_PASS as pass, 
			L_OKAYDATE as okDate, 
			L_REINDATE as reinDate, 
			L_SCOREPASS as scorePass 
		FROM 
			L_LEAVE a, u_student b, t_sitemap c, c_coderegister d
		WHERE
			a.STU_NO = b.u_stu_no
		and	
			b.u_stu_division = c.t_code
		and	
			a.c_code = d.c_code
		and
			L_PASS = 'false'
		<if test="register != 'all'">
			and d.c_code = #{register}
		</if>
		<if test="q != '' ">
			and  ${sort} LIKE '%' || #{q} || '%'
		</if>
		<if test="division != '' ">
			and b.U_STU_DIVISION = #{division}
		</if>
	</select>
	
		<select id="getAllLeaveByTrue" resultType="kr.co.jhta.vo.hakjuk.Leave">
		SELECT 
			L_NO as no, 
			b.u_STU_NAME as "student.name",
			b.u_STU_id as "student.id",
			c.t_name as "student.division", 
			d.c_name as code, 
			L_ENROLLDATE as enrollDate, 
			L_PASS as pass, 
			L_OKAYDATE as okDate, 
			L_REINDATE as reinDate, 
			L_SCOREPASS as scorePass 
		FROM 
			L_LEAVE a, u_student b, t_sitemap c, c_coderegister d
		WHERE
			a.STU_NO = b.u_stu_no
		and	
			b.u_stu_division = c.t_code
		and	
			a.c_code = d.c_code
		and
			L_PASS != 'false'
	</select>
	<select id="getAllLeaveByTrueForm" resultType="kr.co.jhta.vo.hakjuk.Leave" parameterType="kr.co.jhta.vo.hakjuk.LeaveSearchForm">
		SELECT 
			L_NO as no, 
			b.u_STU_NAME as "student.name",
			b.u_STU_id as "student.id",
			c.t_name as "student.division", 
			d.c_name as code, 
			L_ENROLLDATE as enrollDate, 
			L_PASS as pass, 
			L_OKAYDATE as okDate, 
			L_REINDATE as reinDate, 
			L_SCOREPASS as scorePass 
		FROM 
			L_LEAVE a, u_student b, t_sitemap c, c_coderegister d
		WHERE
			a.STU_NO = b.u_stu_no
		and	
			b.u_stu_division = c.t_code
		and	
			a.c_code = d.c_code
		and
			L_PASS != 'false'
		<if test="register != 'all'">
			and d.c_code = #{register}
		</if>
		<if test="q != '' ">
			and  ${sort} LIKE '%' || #{q} || '%'
		</if>
		<if test="division != '' ">
			and b.U_STU_DIVISION = #{division}
		</if>
	</select>
	<select id="getAllEnrolledLeaveByStuNo" resultType="kr.co.jhta.vo.appli.Leave" parameterType="int">
		SELECT L_LEAVE.L_NO as no,
				L_LEAVE.STU_NO as stuNo, 
				L_LEAVE.C_CODE as code,
				L_LEAVE.L_ENROLLDATE as enrollDate,
				L_LEAVE.L_PASS as pass,
				L_LEAVE.L_OKAYDATE as okayDate,
				L_LEAVE.L_REINDATE as reinDate
		FROM L_LEAVE 
		WHERE STU_NO = #{no}
		and L_pass = 'false'
	</select>
	<update id="updateLeaveByOk" parameterType="int">
		update
			L_LEAVE
		SET
			L_OKAYDATE = SYSDATE,
			L_PASS = 'ok'
		where
			l_no = #{no}
	</update>
	<update id="updateLeaveByCancel" parameterType="int">
		update
			L_LEAVE
		SET
			L_OKAYDATE = SYSDATE,
			L_PASS = 'not'
		where
			l_no = #{no}
	</update>
	<select id="getLeaveByNo" resultType="kr.co.jhta.vo.hakjuk.Leave" parameterType="int">
		SELECT 
			L_NO as no, 
			b.u_STU_NAME as "student.name",
			b.u_STU_id as "student.id",
			c.t_name as "student.division", 
			d.c_code as code, 
			L_ENROLLDATE as enrollDate, 
			L_PASS as pass, 
			L_OKAYDATE as okDate, 
			L_REINDATE as reinDate, 
			L_SCOREPASS as scorePass 
		FROM 
			L_LEAVE a, u_student b, t_sitemap c, c_coderegister d
		WHERE
			a.L_NO = #{no}
		and
			a.STU_NO = b.u_stu_no
		and	
			b.u_stu_division = c.t_code
		and	
			a.c_code = d.c_code
	</select>
	<update id="updateStudentRegister" parameterType="kr.co.jhta.vo.hakjuk.Leave">
		update
			u_student
		set
			u_stu_register = #{code}
		where
			u_stu_id = #{student.id}
	</update>
	<select id="getLeaveByNoOk" parameterType="int" resultType="kr.co.jhta.vo.appli.Leave">
		SELECT L_LEAVE.L_NO as no,
				L_LEAVE.STU_NO as stuNo, 
				L_LEAVE.C_CODE as code,
				L_LEAVE.L_ENROLLDATE as enrollDate,
				L_LEAVE.L_PASS as pass,
				L_LEAVE.L_OKAYDATE as okayDate,
				L_LEAVE.L_REINDATE as reinDate
		FROM L_LEAVE 
		WHERE STU_NO = #{no}
		and L_pass != 'false'
	</select>
	<select id="getAllReinFalse" resultType="kr.co.jhta.vo.hakjuk.Reinstatement">
		SELECT 
			R_NO as "no", 
			d.C_NAME as code, 
			a.STU_no as "student.no", 
			R_REINDATE as reinDate, 
			R_PASS as pass,
			R_PASSDATE as passDate, 
			R_ENROLLDATE as enrollDate, 
			R_LEAVENO as "leave.no" ,
			c.T_NAME as "student.division",
			b.U_STU_ID as "student.id",
			b.U_STU_name as "student.name"
		FROM R_REINSTATEMENT a, U_STUDENT b, T_SITEMAP c,C_CODEREGISTER d 
		WHERE 
			a.c_code = d.C_CODE
		and 
			a.STU_NO = b.U_STU_NO
		and 
			b.U_STU_DIVISION = c.T_CODE
		and 
			a.r_pass='false'
	</select>
	<select id="getReinByNo" resultType="kr.co.jhta.vo.hakjuk.Reinstatement" parameterType="int">
		SELECT 
			R_NO as "no", 
			d.C_NAME as code, 
			a.STU_no as "student.no", 
			R_REINDATE as reinDate, 
			R_PASS as pass,
			R_PASSDATE as passDate, 
			R_ENROLLDATE as enrollDate, 
			R_LEAVENO as "leave.no" ,
			c.T_NAME as "student.division",
			b.U_STU_ID as "student.id",
			b.U_STU_name as "student.name"
		FROM R_REINSTATEMENT a, U_STUDENT b, T_SITEMAP c,C_CODEREGISTER d 
		WHERE 
			a.c_code = d.C_CODE
		and 
			a.STU_NO = b.U_STU_NO
		and 
			b.U_STU_DIVISION = c.T_CODE
		and
			a.r_no = #{no}
	</select>
	<select id="getLeaveByNoSecond" resultType="kr.co.jhta.vo.appli.Leave" parameterType="int">
		SELECT L_LEAVE.L_NO as no,
				L_LEAVE.STU_NO as stuNo, 
				L_LEAVE.C_CODE as code,
				L_LEAVE.L_ENROLLDATE as enrollDate,
				L_LEAVE.L_PASS as pass,
				L_LEAVE.L_OKAYDATE as okayDate,
				L_LEAVE.L_REINDATE as reinDate
		FROM L_LEAVE 
		WHERE l_no = #{no}
		and L_pass = 'ok'
	</select>
	<update id="updateReinByOk" parameterType="int">
		update
			R_REINSTATEMENT
		set
			r_pass='true', r_passdate= sysdate
		where
			r_no = #{no}
	</update>
	<select id="getAllReinTrue" resultType="kr.co.jhta.vo.hakjuk.Reinstatement">
	SELECT 
		R_NO as "no", 
		d.C_NAME as code, 
		a.STU_no as "student.no", 
		R_REINDATE as reinDate, 
		R_PASS as pass,
		R_PASSDATE as passDate, 
		R_ENROLLDATE as enrollDate, 
		R_LEAVENO as "leave.no" ,
		c.T_NAME as "student.division",
		b.U_STU_ID as "student.id",
		b.U_STU_name as "student.name"
	FROM R_REINSTATEMENT a, U_STUDENT b, T_SITEMAP c,C_CODEREGISTER d 
	WHERE 
		a.c_code = d.C_CODE
	and 
		a.STU_NO = b.U_STU_NO
	and 
		b.U_STU_DIVISION = c.T_CODE
	and 
		a.r_pass='true'
	</select>
	<select id="getReinFalseByForm" parameterType="kr.co.jhta.vo.hakjuk.ReinForm" resultType="kr.co.jhta.vo.hakjuk.Reinstatement">
		SELECT 
			R_NO as "no", 
			d.C_NAME as code, 
			a.STU_no as "student.no", 
			R_REINDATE as reinDate, 
			R_PASS as pass,
			R_PASSDATE as passDate, 
			R_ENROLLDATE as enrollDate, 
			R_LEAVENO as "leave.no" ,
			c.T_NAME as "student.division",
			b.U_STU_ID as "student.id",
			b.U_STU_name as "student.name"
		FROM R_REINSTATEMENT a, U_STUDENT b, T_SITEMAP c,C_CODEREGISTER d 
		WHERE 
			a.c_code = d.C_CODE
		and 
			a.STU_NO = b.U_STU_NO
		and 
			b.U_STU_DIVISION = c.T_CODE
		and 
			a.r_pass='false'
		<if test="q != '' ">
			and  ${sort} LIKE '%' || #{q} || '%'
		</if>
		<if test="division != '' ">
			and b.U_STU_DIVISION = #{division}
		</if>
	</select>
	<select id="getReinTrueByForm" parameterType="kr.co.jhta.vo.hakjuk.ReinForm" resultType="kr.co.jhta.vo.hakjuk.Reinstatement">
		SELECT 
			R_NO as "no", 
			d.C_NAME as code, 
			a.STU_no as "student.no", 
			R_REINDATE as reinDate, 
			R_PASS as pass,
			R_PASSDATE as passDate, 
			R_ENROLLDATE as enrollDate, 
			R_LEAVENO as "leave.no" ,
			c.T_NAME as "student.division",
			b.U_STU_ID as "student.id",
			b.U_STU_name as "student.name"
		FROM R_REINSTATEMENT a, U_STUDENT b, T_SITEMAP c,C_CODEREGISTER d 
		WHERE 
			a.c_code = d.C_CODE
		and 
			a.STU_NO = b.U_STU_NO
		and 
			b.U_STU_DIVISION = c.T_CODE
		and 
			a.r_pass='true'
		<if test="q != '' ">
			and  ${sort} = '%' || #{q} || '%'
		</if>
		<if test="division != '' ">
			and b.U_STU_DIVISION = #{division}
		</if>
	</select>
	<select id="getAllDropoffByFalse" resultType="kr.co.jhta.vo.hakjuk.Dropoff">
		SELECT 
			D_NO as no, 
			d.c_name as code, 
			D_STUNO as "student.no", 
			D_PASS as pass,
			D_PASSDATE as passDate,  
			D_ENROLLDATE as enrollDate,
			c.T_NAME as "student.division",
			b.U_STU_ID as "student.id",
			b.U_STU_name as "student.name",
			d_reason as reason
		FROM D_DROPOFF a,  U_STUDENT b, T_SITEMAP c,C_CODEREGISTER d
		WHERE
			a.D_code = d.C_CODE
		and 
			a.D_STUNO = b.U_STU_NO
		and 
			b.U_STU_DIVISION = c.T_CODE
		and
			D_PASS = 'false'
	</select>
	<select id="getAllDropoffByFalseForm" resultType="kr.co.jhta.vo.hakjuk.Dropoff" parameterType="kr.co.jhta.vo.hakjuk.ReinForm">
		SELECT 
			D_NO as no, 
			d.c_name as code, 
			D_STUNO as "student.no", 
			D_PASS as pass,
			D_PASSDATE as passDate,  
			D_ENROLLDATE as enrollDate,
			c.T_NAME as "student.division",
			b.U_STU_ID as "student.id",
			b.U_STU_name as "student.name",
			d_reason as reason
		FROM D_DROPOFF a,  U_STUDENT b, T_SITEMAP c,C_CODEREGISTER d
		WHERE
			a.D_code = d.C_CODE
		and 
			a.D_STUNO = b.U_STU_NO
		and 
			b.U_STU_DIVISION = c.T_CODE
		and
			D_PASS = 'false'
		<if test="q != '' ">
			and  ${sort} LIKE '%' || #{q} || '%'
		</if>
		<if test="division != '' ">
			and b.U_STU_DIVISION = #{division}
		</if>
	</select>
	<select id="getDropoffByFalseNO" resultType="kr.co.jhta.vo.hakjuk.Dropoff" parameterType="int">
		SELECT 
			D_NO as no, 
			d.c_name as code, 
			D_STUNO as "student.no", 
			D_PASS as pass,
			D_PASSDATE as passDate,  
			D_ENROLLDATE as enrollDate,
			c.T_NAME as "student.division",
			b.U_STU_ID as "student.id",
			b.U_STU_name as "student.name",
			d_reason as reason
		FROM D_DROPOFF a,  U_STUDENT b, T_SITEMAP c,C_CODEREGISTER d
		WHERE
			a.D_code = d.C_CODE
		and 
			a.D_STUNO = b.U_STU_NO
		and 
			b.U_STU_DIVISION = c.T_CODE
		and
			D_PASS = 'false'
		and
			d_no = #{no}
	</select>
	<update id="updateDropoffokByNo" parameterType="int">
		update
			d_dropoff
		set
			d_pass = 'ok', d_passDate = sysdate
		where
			d_no = #{no}
	</update>
	<update id="updateDropoffnotByNo" parameterType="int">
		update
			d_dropoff
		set
			d_pass = 'not' , d_passDate = sysdate
		where
			d_no = #{no}
	</update>
	
	<select id="getAllDropoffByNotFalse" resultType="kr.co.jhta.vo.hakjuk.Dropoff">
		SELECT 
			D_NO as no, 
			d.c_name as code, 
			D_STUNO as "student.no", 
			D_PASS as pass,
			D_PASSDATE as passDate,  
			D_ENROLLDATE as enrollDate,
			c.T_NAME as "student.division",
			b.U_STU_ID as "student.id",
			b.U_STU_name as "student.name",
			d_reason as reason
		FROM D_DROPOFF a,  U_STUDENT b, T_SITEMAP c,C_CODEREGISTER d
		WHERE
			a.D_code = d.C_CODE
		and 
			a.D_STUNO = b.U_STU_NO
		and 
			b.U_STU_DIVISION = c.T_CODE
		and
			D_PASS != 'false'
	</select>
	
	<select id="getAllDropoffByNotFalseForm" resultType="kr.co.jhta.vo.hakjuk.Dropoff" parameterType="kr.co.jhta.vo.hakjuk.ReinForm">
		SELECT 
			D_NO as no, 
			d.c_name as code, 
			D_STUNO as "student.no", 
			D_PASS as pass,
			D_PASSDATE as passDate,  
			D_ENROLLDATE as enrollDate,
			c.T_NAME as "student.division",
			b.U_STU_ID as "student.id",
			b.U_STU_name as "student.name",
			d_reason as reason
		FROM D_DROPOFF a,  U_STUDENT b, T_SITEMAP c,C_CODEREGISTER d
		WHERE
			a.D_code = d.C_CODE
		and 
			a.D_STUNO = b.U_STU_NO
		and 
			b.U_STU_DIVISION = c.T_CODE
		and
			D_PASS != 'false'
		<if test="q != '' ">
			and  ${sort} LIKE '%' || #{q} || '%'
		</if>
		<if test="division != '' ">
			and b.U_STU_DIVISION = #{division}
		</if>
	</select>
	<select id="getDropoffByNotFalseNO" resultType="kr.co.jhta.vo.hakjuk.Dropoff" parameterType="int">
		SELECT 
			D_NO as no, 
			d.c_name as code, 
			D_STUNO as "student.no", 
			D_PASS as pass,
			D_PASSDATE as passDate,  
			D_ENROLLDATE as enrollDate,
			c.T_NAME as "student.division",
			b.U_STU_ID as "student.id",
			b.U_STU_name as "student.name",
			d_reason as reason
		FROM D_DROPOFF a,  U_STUDENT b, T_SITEMAP c,C_CODEREGISTER d
		WHERE
			a.D_code = d.C_CODE
		and 
			a.D_STUNO = b.U_STU_NO
		and 
			b.U_STU_DIVISION = c.T_CODE
		and
			D_PASS != 'false'
		and
			d_no = #{no}
	</select>
	<insert id="addProfessor" parameterType="kr.co.jhta.vo.hakjuk.AddProfForm">
		insert into u_professor(U_PROF_NO, U_PROF_ID, U_PROF_NAME, U_PROF_GENDER, U_PROF_CODE, U_PROF_PWD, U_PROF_REGISTER, U_PROF_PHONE, U_PROF_ADDR, U_PROF_EMAIL, U_PROF_GRADE, U_PROF_SSN, U_PROF_FOREI, U_PROF_ENTRYDATE, U_PROF_DIVISION)
		values(u_prof_seq.nextval,#{id},#{name},#{gender},#{code},#{pwd},#{register},#{phone},#{addr},#{email},#{grade},#{ssn},#{forei},sysdate,#{division})
	</insert>
	
	
</mapper>