<?xml version="1.0" encoding="UTF-8"?>
<!DOCTYPE mapper
  PUBLIC "-//mybatis.org//DTD Mapper 3.0//EN"
  "http://mybatis.org/dtd/mybatis-3-mapper.dtd">
<mapper namespace="kr.co.jhta.dao.professor.ProfessorDao">
	<select id="proAllList" resultType="kr.co.jhta.vo.Professor">
		select 
			u_prof_no as no,
			u_prof_id as id,
			u_prof_name as name,
			u_prof_gender as gender,
			u_prof_code as code,
			u_prof_pwd as pwd,
			u_prof_register as register,
			u_prof_phone as phone,
			u_prof_addr as addr,
			u_prof_email as email,
			u_prof_grade as grade,
			u_prof_ssn as ssn,
			u_prof_forei as forei,
			u_prof_entrydate as entrydate,
			u_prof_leavedate as leavedate
		from
			u_professor
	</select>
	<select id="getProfessorById" parameterType="string" resultType="kr.co.jhta.vo.Professor">
		select 
			A.u_prof_no as no,
			A.u_prof_id as id,
			A.u_prof_name as name,
			A.u_prof_gender as gender,
			A.u_prof_code as code,
			A.u_prof_pwd as pwd,
			c.c_name as register,
			A.u_prof_phone as phone,
			B.t_name as "sitemap.name",
			A.u_prof_addr as addr,
			A.u_prof_email as email,
			A.u_prof_grade as grade,
			A.u_prof_ssn as ssn,
			A.u_prof_forei as forei,
			A.u_prof_entrydate as entrydate,
			A.u_prof_leavedate as leavedate
		from
			u_professor A, t_sitemap B, c_coderegister c
		where 
			A.u_prof_id = #{id}
		and
			A.u_prof_code = B.t_code
		and
			A.u_prof_register = c.c_code
	</select>
	<select id="getLoginUserById" parameterType="string" resultType="kr.co.jhta.vo.Professor">
				select 
			A.u_prof_no as no,
			A.u_prof_id as id,
			A.u_prof_name as name,
			A.u_prof_gender as gender,
			A.u_prof_code as code,
			A.u_prof_pwd as pwd,
			a.u_prof_division as division,		
			c.c_name as register,
			A.u_prof_phone as phone,
			A.u_prof_addr as addr,
			A.u_prof_email as email,
			A.u_prof_grade as grade,
			A.u_prof_ssn as ssn,
			A.u_prof_forei as forei,
			A.u_prof_entrydate as entrydate,
			A.u_prof_leavedate as leavedate
		from
			u_professor A,C_CODEREGISTER c
		where 
			A.u_prof_id = #{id}
		and
			c.C_CODE = U_PROF_REGISTER
	</select>
	
	<select id="getProListByTCode" parameterType="string" resultType="kr.co.jhta.vo.Professor">
		select
			u_prof_no as no,
			u_prof_id as id,
			u_prof_name as name
		from
			u_professor
		where u_prof_code = #{code}
	</select>
	
	<update id="updateProfessorInfo" parameterType="kr.co.jhta.vo.Professor">
		UPDATE 
			U_professor
		SET
			U_prof_PHONE = #{phone},
			U_prof_EMAIL = #{email},
			U_prof_ADDR = #{addr}
		WHERE 
			U_prof_ID = #{id}
	</update>
	
	<update id="updateProfessorPwd" parameterType="kr.co.jhta.vo.Professor">
		UPDATE 
			U_professor
		SET 
			U_prof_PWD = #{pwd}
		WHERE 
			U_prof_ID = #{id}
	</update>
	
	

</mapper>