<?xml version="1.0" encoding="UTF-8"?>
<!DOCTYPE mapper
  PUBLIC "-//mybatis.org//DTD Mapper 3.0//EN"
  "http://mybatis.org/dtd/mybatis-3-mapper.dtd">
<mapper namespace="kr.co.jhta.dao.board.BoardDao">
	
	<select id="searchNoticeBoardByCount" parameterType="string" resultType="Board">
		select 
			b_no as no,
			b_title as title,
			b_contents as contents,
			b_writer as writer,
			b_regdate as regdate,
			b_count as countView,
			b_category as category,
			b_file as fileName,
			b_department as department
		from 
			b_board
		where 
			B_CATEGORY = #{value}
		and 
			rownum &lt;= 5
		order by b_no desc
	</select>
	
	<select id="searchDeptBoardByCount" parameterType="SearchForm" resultType="Board">
		
		select 
			b_no as no,
			b_title as title,
			b_contents as contents,
			b_writer as writer,
			b_regdate as regdate,
			b_count as countView,
			b_category as category,
			b_file as fileName,
			b_department as department
		from 
			b_board
		where 
			B_CATEGORY = #{searchBoardType}
		and 
			b_department = #{department}
		and 
			rownum &lt;= 5
		order by b_no desc
	
	</select>
	
	<delete id="deleteView" parameterType="int">
		delete 
		FROM 
			B_VIEWALL
		WHERE 
			B_BOARD_NO = #{no}
	</delete>
	
	<select id="serachBoardByType" parameterType="string" resultType="Board">
		select
				b_no as no,
				b_title as title,
				b_contents as contents,
				b_writer as writer,
				b_regdate as regdate,
				b_count as countView,
				b_category as category,
				b_file as fileName,
				b_department as department
			from
				b_board
		where 
			b_category = #{category}
			
	</select>
	<insert id="addDeptBoard" parameterType="Board">
		insert into
				B_BOARD(
						B_NO,
						B_TITLE,
						B_CONTENTS,
						B_WRITER,
						B_DEPARTMENT,
						B_CATEGORY
						)
				VALUES(
						B_BOARD_SEQ.NEXTVAL,
						#{title},
						#{contents},
						#{writer},
						#{department},
						#{category}
					  )
	
	</insert>
	<insert id="addProfBoard" parameterType="Board">
		insert into
				B_BOARD (
						B_NO, 
						B_TITLE, 
						B_CONTENTS, 
						B_WRITER,
						<if test="fileName != null">
						B_FILE,
						</if> 
						B_DEPARTMENT,
						B_CATEGORY
						) 
		values 
				(
				B_BOARD_SEQ.NEXTVAL,
				#{title},
				#{contents},
				#{writer},
				<if test="fileName != null">
				#{fileName},
				</if>
				#{department},
				#{category}
				)
	</insert>
	<insert id="addStuQnaBoard" parameterType="Board">
	insert into
			B_BOARD (
					B_NO,
					B_TITLE,
					B_CONTENTS,
					B_WRITER,
					B_DEPARTMENT,
					B_CATEGORY,
					B_SUBJECTNO
					)
			values 
				(
				B_BOARD_SEQ.NEXTVAL,
				#{title},
				#{contents},
				#{writer},
				#{department},
				#{category},
				#{subjectNo}
				)
	
	</insert>
	
	<insert id="addFreeBoard" parameterType="Board">
		insert into
			B_BOARD (
					B_NO,
					B_TITLE,
					B_CONTENTS,
					B_WRITER,
					B_CATEGORY
					)
			values 
				(
				B_BOARD_SEQ.NEXTVAL,
				#{title},
				#{contents},
				#{writer},
				#{category}
				)
	</insert>
	
	
	<insert id="addNoticeBoard" parameterType="Board">
		insert into
				B_BOARD (
						B_NO, 
						B_TITLE, 
						B_CONTENTS, 
						B_WRITER,
						<if test="fileName != null">
						B_FILE,
						</if> 
						B_DEPARTMENT
						) 
		values 
				(
				B_BOARD_SEQ.NEXTVAL,
				#{title},
				#{contents},
				#{writer},
				<if test="fileName != null">
				#{fileName},
				</if>
				#{department}
				)
	</insert>
	
	<select id="searchBoardCount" resultType="int" parameterType="SearchForm">
		select 
			count(*)
		from 
			B_BOARD
		<where>
			<if test="searchType != '' and keyword != ''">
				<if test="searchType == 'title'">
					B_TITLE like '%' || #{keyword} || '%'
				</if>
				<if test="searchType == 'name'">
					B_WRITER like '%' || #{keyword} || '%'
				</if>
				<if test="searchType == 'contents'">
					B_CONTENTS like '%' || #{keyword} || '%'
				</if>
			</if>
			<if test="searchBoardType != null">
				and B_CATEGORY = #{searchBoardType}
			</if>
			<if test="department != null">
				and B_DEPARTMENT = #{department}
			</if>
			<if test="subjectNo != 0">
				and B_SUBJECTNO = #{subjectNo}
			</if>
		</where>
	</select>
	
	<select id="getProfQnaBoard" parameterType="string" resultType="Board">
		select 
			A.B_NO as no,
			A.B_SUBJECTNO as subjectNo,
			A.B_TITLE as title,
			A.B_CONTENTS as contents,
			A.B_WRITER as writer,
			A.B_REGDATE as regdate,
			A.B_CATEGORY as category,
			A.B_COUNT as countView,
			A.B_DEPARTMENT as department,
			A.B_FILE as fileName
		from 
			b_board A, j_subject B
		where 
			A.B_SUBJECTNO = B.J_NO
		and 
			B.J_SUB_PROF = #{value}
	</select>
	
	<select id="countProfBoard" parameterType="string" resultType="int">
		select count(*)
		from 
			b_board A, j_subject B
		where 
			A.B_SUBJECTNO = B.J_NO
		and 
			B.J_SUB_PROF = #{value}
	</select>
	
	
	<delete id="deleteBoardByNo" parameterType="int">
		delete 
			FROM 
				B_BOARD 
			WHERE 
				B_NO = #{no}
	</delete>
	<select id="getBoard" parameterType="int" resultType="Board">
		select
				b_no as no,
				b_title as title,
				b_contents as contents,
				b_writer as writer,
				b_regdate as regdate,
				b_count as countView,
				b_category as category,
				b_file as fileName,
				b_department as department
			from
				b_board
		where 
			b_no = #{no}
	</select>
	
	<insert id="addBoardView" parameterType="BoardView">
		insert into 
				B_VIEWALL (
							B_VIEW_NO, 
							B_BOARD_NO, 
							B_VIEW_USER) 
		values (
				b_view_seq.nextval,
				#{bno},
				#{userId}
				)
	</insert>
	
	<select id="getBoardViewUser" parameterType="int" resultType="BoardView">
		select
			B_VIEW_NO as no,
			B_BOARD_NO as bno, 
			B_VIEW_USER as userId
		from
			b_viewall
		where
			b_board_no = #{bno}
	</select>
	
	<update id="updateCount" parameterType="int">
		update
			b_board
		set
			B_COUNT = B_COUNT+1
		where
			b_no = #{no}
	</update>
	
	<update id="updateBoard" parameterType="hashmap">
		update 
			B_BOARD
		<set>
			<if test="title != null">
				b_title = #{title},
			</if>
			<if test="contents != null">
				b_contents = #{contents},
			</if>
			<if test="fileName != null">
				B_FILE = #{fileName}
			</if>
		</set>
		where 
			b_no = #{bno}
	</update>
	
	<select id="searchBoard"  parameterType="SearchForm" resultType="Board">
		select 
			no, 
			title, 
			contents, 
			writer, 
			regdate, 
			countView, 
			category, 
			fileName, 
			department,
			subjectNo
		from (
				select
					row_number() over(order by b_no desc) rn,
					B_NO as no,
					B_TITLE as title,
					B_CONTENTS as contents,
					B_WRITER as writer,
					B_REGDATE as regdate,
					B_COUNT as countView,
					B_CATEGORY as category,
					B_FILE as fileName,
					B_DEPARTMENT as department,
					B_SUBJECTNO as subjectNo
				from
					b_board
				<where>
					<if test="keyword != ''">
						<if test="searchType == 'title'">
							B_TITLE like '%' || #{keyword} || '%'
						</if>
						<if test="searchType == 'name'">
							B_WRITER like '%' || #{keyword} || '%'
						</if>
						<if test="searchType == 'contents'">
							B_CONTENTS like '%' || #{keyword} || '%'
						</if>
					</if>
					<if test="searchBoardType != null">
						and B_CATEGORY = #{searchBoardType}
					</if>
					<if test="department != null">
						and b_department = #{department}
					</if>
					<if test="subjectNo != 0">
						and b_subjectno = #{subjectNo}
					</if>
				</where>)
		where rn >= #{beginIndex} and rn &lt;= #{endIndex}
	</select>
	
	<select id="getSubjectNo" >
		
	</select>
	
	
</mapper>